{
    "content_scripts": [
        "amazon_content.js", 
        "6pm_content.js", 
        "gnc_content.js", 
        "vitacost_content.js", 
        "drugstore_content.js", 
        "saksfifthavenue_content.js", 
        "amazon_jp_content.js", 
        "rakuten_content.js", 
        "backcountry_content.js", 
        "nordstrom_content.js", 
        "amazon_de_content.js", 
        "carters_content.js", 
        "saks_content.js", 
        "finishline_content.js", 
        "jnbo_content.js", 
        "clinique_content.js", 
        "esteelauder_content.js", 
        "jomashop_content.js", 
        "origins_content.js", 
        "windeln_content.js", 
        "levi's_content.js", 
        "zappos_content.js", 
        "asos_content.js", 
        "jimmyjazz_content.js", 
        "gymboree_content.js", 
        "skinstore_content.js", 
        "ashford_content.js", 
        "oshkosh_content.js", 
        "ralphlauren_content.js", 
        "ninewest_content.js", 
        "beauty_content.js", 
        "bergdorfgoodman_content.js", 
        "bobbibbrown_content.js", 
        "couture_zappos_content.js", 
        "dermadoctor_content.js", 
        "feature_content.js", 
        "fragrancex_content.js", 
        "gap_content.js", 
        "imomoko_content.js", 
        "lids_content.js", 
        "oldnavy_content.js", 
        "packershoes_content.js", 
        "shopbop_content.js", 
        "sierratradingpost_content.js", 
        "skechers_content.js", 
        "wwstereo_content.js", 
        "walgreens_content.js", 
        "vitaminworld_content.js", 
        "ugg_content.js", 
        "swarovski_content.js"
    ], 
    "description": "\u96f6\u7c73\u6d77\u6dd8 \u2014\u2014 \u7528\u6700\u597d\u7684\u6d77\u6dd8\u5de5\u5177\uff0c\u6253\u9020\u6700\u597d\u7684\u81ea\u6d77\u6dd8\u670d\u52a1\u3002", 
    "icons": {
        "128": "icons/128px.png", 
        "32": "icons/32px.png", 
        "64": "icons/64px.png", 
        "16": "icons/16px.png"
    }, 
    "creator": "\u96f6\u7c73\u6d77\u6dd8", 
    "framework_version": "1.7.9 e39b6ff2fcc8", 
    "background_scripts": [
        "config.js", 
        "main.js"
    ], 
    "homepage_url": "http://www.lingmihaitao.com/", 
    "version": "5.0.0", 
    "framework_package_id": "dev", 
    "browser_button": {
        "caption": "\u96f6\u7c73\u6d77\u6dd8", 
        "tooltipText": "\u96f6\u7c73\u6d77\u6dd8", 
        "icon": "icons/32px.png"
    }, 
    "id": "bgbagnpkffpncccopceegincbommfdko", 
    "name": "\u96f6\u7c73\u6d77\u6dd8"
}